Domain,IP
https://www.google.com,142.250.101.139
https://www.youtube.com,142.250.141.93
https://www.baidu.com,110.242.68.66
https://www.bilibili.com,8.134.50.24
https://www.facebook.com,31.13.70.36
https://www.qq.com,183.3.226.35
https://www.twitter.com,104.244.42.193
https://www.zhihu.com,103.41.167.234
https://www.wikipedia.org,198.35.26.96
https://www.amazon.com,52.94.236.248
https://www.instagram.com,31.13.70.174
https://www.linkedin.com,13.107.42.14
https://www.reddit.com,151.101.1.140
https://www.whatsapp.com,31.13.70.49
https://www.openai.com,13.107.213.70
https://www.yahoo.com,74.6.231.21
https://www.bing.com,204.79.197.200
https://www.taobao.com,106.11.226.158
https://www.163.com,123.58.180.8
https://www.yandex.ru,77.88.55.60
https://www.xvideos.com,185.88.181.6
https://www.live.com,204.79.197.212
https://www.pornhub.com,66.254.114.41
https://www.microsoft.com,20.231.239.246
https://www.vk.com,87.240.129.133
https://www.zoom.us,170.114.52.2
https://www.github.com,192.30.255.113
https://www.jd.com,211.144.24.218
https://www.weibo.com,36.51.224.114
https://www.google.com.hk,142.251.2.94
https://www.tiktok.com,18.65.25.51
https://www.canva.com,104.16.226.10
https://www.csdn.net,120.46.209.149
https://www.fandom.com,199.232.212.194
https://www.office.com,13.107.6.156
https://www.t.co,104.244.42.133
https://www.naver.com,223.130.195.95
https://www.apple.com,17.253.144.10
https://www.sina.com.cn,36.51.254.91
https://www.aliexpress.com,47.254.175.252
https://www.yahoo.co.jp,182.22.25.124
https://www.xhamster.com,104.18.156.3
https://www.paypal.com,64.4.250.37
https://www.iqiyi.com,202.108.14.128
https://www.spankbang.com,104.19.137.100
https://www.pinterest.com,151.101.0.84
https://www.mail.ru,217.69.139.202
https://www.ebay.com,66.211.166.223
https://www.douban.com,140.143.177.206
https://www.msn.com,204.79.197.219
https://www.imdb.com,52.94.225.248
https://www.amazon.in,52.95.120.67
https://www.netflix.com,44.242.60.85
https://www.adobe.com,96.16.55.32
https://www.telegram.org,149.154.167.99
https://www.dzen.ru,62.217.160.2
https://www.quora.com,44.216.87.183
https://www.stackoverflow.com,151.101.193.69
https://www.sohu.com,61.135.164.50
https://www.spotify.com,35.186.224.25
https://www.aliyun.com,106.11.172.9
https://www.xnxx.com,185.88.181.55
https://www.1688.com,140.205.174.2
https://www.myshopify.com,23.227.38.32
https://www.tmall.com,59.82.122.115
https://www.indeed.com,162.159.129.67
https://www.deepl.com,172.65.229.194
https://www.pixiv.net,210.140.92.183
https://www.feishu.cn,220.243.190.122
https://www.duckduckgo.com,52.250.42.157
https://www.amazon.co.jp,52.119.168.48
https://www.google.co.in,142.251.2.94
https://www.msn.cn,204.79.197.235
https://www.tencent.com,109.244.194.121
https://www.freepik.com,35.190.81.132
https://www.etsy.com,151.101.129.224
https://www.amazon.co.uk,178.236.7.220
https://www.booking.com,18.164.174.94
https://www.imgur.com,199.232.192.193
https://www.jianshu.com,47.251.58.39
https://www.ilovepdf.com,104.20.1.94
https://www.twitch.tv,151.101.2.167
https://www.atlassian.net,104.192.138.12
https://www.force.com,23.1.106.133
https://www.dropbox.com,162.125.248.18
https://www.office365.com,40.71.11.169
https://www.alipay.com,110.75.129.5
https://www.discord.com,162.159.137.232
https://www.namu.wiki,104.16.181.45
https://www.t.me,149.154.167.99
https://www.wordpress.com,192.0.78.17
https://www.nih.gov,156.40.212.210
https://www.tradingview.com,18.154.206.99
https://www.avito.ru,146.158.48.24
https://www.3dmgame.com,180.101.45.119
https://www.xiaohongshu.com,43.132.84.11
https://www.instructure.com,151.101.2.132
https://www.onlyfans.com,3.91.139.197
https://www.amazonaws.com,72.21.210.29
https://www.flipkart.com,103.243.32.90
https://www.hao123.com,110.242.69.86
https://www.alibaba.com,47.246.137.166
https://www.hupu.com,114.55.187.22
https://www.cnki.net,115.31.65.33
https://www.mediafire.com,104.16.54.48
https://www.tistory.com,121.53.105.234
https://www.figma.com,13.33.21.109
https://www.smzdm.com,106.75.126.245
https://www.doubleclick.net,142.251.2.100
https://www.youdao.com,103.74.50.106
https://www.52pojie.cn,124.232.185.97
https://www.sogou.com,119.28.109.132
https://www.chaturbate.com,104.18.101.40
https://www.ok.ru,217.20.147.1
https://www.eastmoney.com,61.152.229.228
https://www.trello.com,104.192.138.7
https://www.google.de,142.251.2.94
https://www.slack.com,54.188.33.22
https://www.nytimes.com,151.101.65.164
https://www.fiverr.com,104.18.254.23
https://www.tumblr.com,192.0.77.40
https://www.notion.so,104.18.7.183
https://www.shopify.com,23.227.38.33
https://www.toutiao.com,122.14.229.38
https://www.bbc.com,151.101.192.81
https://www.okta.com,44.210.31.21
https://www.digikala.com,185.188.104.10
https://www.w3schools.com,76.223.115.82
https://www.medium.com,162.159.153.4
https://www.so.com,104.192.110.226
https://www.google.co.jp,142.250.101.94
https://www.douyin.com,122.14.229.128
https://www.fc2.com,199.48.210.151
https://www.cnn.com,151.101.131.5
https://www.google.co.uk,142.251.2.94
https://www.weather.com,23.193.199.85
https://www.udemy.com,104.16.226.91
https://www.gitee.com,182.255.33.134
https://www.missav.com,104.26.14.15
https://www.autohome.com.cn,124.250.78.6
https://www.amazon.it,54.239.33.83
https://www.quizlet.com,104.17.187.102
https://www.archive.org,207.241.224.2
https://www.intuit.com,23.78.104.140
https://www.speedtest.net,151.101.130.219
https://www.mega.nz,31.216.145.5
https://www.researchgate.net,104.17.32.105
https://www.ozon.ru,162.159.140.11
https://www.youku.com,106.11.35.97
https://www.wetransfer.com,18.154.132.120
https://www.vimeo.com,162.159.138.60
https://www.chase.com,159.53.42.11
https://www.rakuten.co.jp,133.237.16.234
https://www.binance.com,13.114.82.14
https://www.walmart.com,23.222.175.144
https://www.cnblogs.com,101.37.97.51
https://www.sciencedirect.com,162.159.136.70
https://www.115.com,103.45.160.53
https://www.hitomi.la,88.80.31.197
https://www.behance.net,151.101.129.197
https://www.grammarly.com,18.209.155.162
https://www.eporner.com,94.75.220.1
https://www.51cto.com,203.107.44.140
https://www.linktr.ee,151.101.130.133
https://www.upwork.com,104.18.89.237
https://www.fmkorea.com,18.154.206.25
https://www.gamersky.com,124.236.95.25
https://www.ali213.net,122.96.255.211
https://www.googlevideo.com,142.250.101.103
https://www.gstatic.com,142.251.2.120
https://www.salesforce.com,184.31.3.130
https://www.dmm.co.jp,13.248.196.236
https://www.espn.com,18.154.144.103
https://www.shutterstock.com,99.83.219.164
https://www.zendesk.com,216.198.1.60
https://www.godaddy.com,208.109.192.70
https://www.ixigua.com,122.14.229.123
https://www.zxx.edu.cn,222.199.191.41
https://www.savefrom.net,172.67.43.182
https://www.mozilla.org,44.236.72.93
https://www.zillow.com,18.164.174.91
https://www.amazon.ca,52.94.225.242
https://www.yandex.com,5.255.255.88
https://www.amazon.fr,54.239.33.91
https://www.deviantart.com,18.154.144.52
https://www.e-hentai.org,172.67.0.127
https://www.indiatimes.com,23.9.81.129
https://www.hubspot.com,104.19.155.83
https://www.stripe.com,54.187.119.242
https://www.quillbot.com,104.18.8.150
https://www.uol.com.br,200.147.3.157
https://www.douyu.com,101.33.20.98
https://www.dailymail.co.uk,23.1.100.205
https://www.google.com.tw,142.251.2.94
https://www.amazon.es,52.95.120.38
https://www.google.ru,74.125.137.94
https://www.runoob.com,203.107.44.133
https://www.pexels.com,104.18.182.99
https://www.bytedance.net,10.8.6.210
https://www.yuque.com,139.224.214.226
https://www.ifeng.com,82.156.59.186
https://www.livejasmin.com,109.71.161.200
https://www.wildberries.ru,185.138.253.1
https://www.nhentai.net,104.21.66.123
https://www.zoho.com,136.143.190.155
https://www.samsung.com,211.45.27.231
https://www.theguardian.com,151.101.1.111
https://www.remove.bg,172.67.71.36
https://www.amazon.de,176.32.108.185
https://www.yts.mx,104.31.16.120
https://www.bankofamerica.com,171.159.228.150
https://www.daum.net,121.53.105.193
https://www.greasyfork.org,104.200.26.234
https://www.sxyprn.com,172.64.204.18
https://www.coinmarketcap.com,18.65.3.23
https://www.cloudflare.com,104.16.133.229
https://www.eastday.com,61.129.65.103
https://www.y2mate.com,141.101.121.238
https://www.apple.com.cn,17.253.144.10
https://www.yiyouliao.com,59.111.105.199
https://www.zhipin.com,47.254.25.139
https://www.investing.com,104.18.0.154
https://www.oracle.com,138.1.33.162
https://www.gosuslugi.ru,213.59.253.7
https://www.shein.com,20.157.194.64
https://www.blogger.com,142.250.141.191
https://www.pixabay.com,104.18.14.16
https://www.qidian.com,129.226.106.20
https://www.roblox.com,128.116.114.3
https://www.chess.com,34.117.44.137
https://www.envato.com,104.18.253.82
https://www.pinimg.com,151.101.192.84
https://www.line.me,147.92.243.206
https://www.noodlemagazine.com,104.26.3.30
https://www.360.cn,36.99.171.154
https://www.google.ca,142.251.2.94
https://www.shopee.tw,103.117.4.129
https://www.tianyancha.com,124.70.126.224
https://www.zerodha.com,104.17.218.15
https://www.nicovideo.jp,133.152.43.29
https://www.shaparak.ir,185.167.73.34
https://www.coupang.com,18.154.132.46
https://www.nvidia.com,34.194.97.138
https://www.zoro.to,172.67.8.72
https://www.myworkday.com,209.177.165.18
https://www.aparat.com,185.147.178.12
https://www.animeflv.net,185.178.208.140
https://www.alibaba-inc.com,121.0.17.65
https://www.google.com.mx,142.251.2.94
https://www.ya.ru,77.88.55.242
https://www.bbc.co.uk,151.101.64.81
https://www.mercadolibre.com.ar,3.33.182.45
https://www.crunchyroll.com,104.18.40.133
https://www.coursera.org,18.164.174.59
https://www.unsplash.com,151.101.1.181
https://www.v2ex.com,172.67.3.188
https://www.jable.tv,104.23.131.4
https://www.amazon.com.mx,52.94.225.241
https://www.jb51.net,121.5.225.230
https://www.soundcloud.com,18.164.174.37
https://www.huaban.com,203.107.54.62
https://www.scribd.com,151.101.66.152
https://www.craigslist.org,208.82.237.129
https://www.xxxxx520.com,39.156.66.10
https://www.zol.com.cn,110.43.213.6
https://www.steampowered.com,23.78.64.40
https://www.hdfcbank.com,104.18.95.72
https://www.pconline.com.cn,183.61.120.237
https://www.1337x.to,104.31.16.118
https://www.manatoki215.net,172.67.184.226
https://www.9gag.com,104.16.107.144
https://www.google.co.kr,142.250.141.94
https://www.asana.com,147.75.40.150
https://www.www.gov.uk,151.101.0.144
https://www.360.com,104.192.110.232
https://www.dell.com,143.166.147.101
https://www.hotstar.com,18.154.206.5
https://www.nga.cn,183.134.239.1
https://www.wikimedia.org,198.35.26.96
https://www.cupfox.app,172.67.152.31
https://www.wellsfargo.com,23.1.237.56
https://www.quark.cn,59.82.31.179
https://www.googleadservices.com,142.250.141.156
https://www.similarweb.com,34.223.160.156
https://www.xueqiu.com,60.205.172.136
https://www.blog.jp,147.92.146.242
https://www.chegg.com,44.237.203.135
https://www.myanimelist.net,18.65.3.45
https://www.varzesh3.com,94.182.113.153
https://www.dailymotion.com,195.8.215.136
https://www.wix.com,185.230.63.164
https://www.foxnews.com,104.123.205.58
https://www.xhamsterlive.com,104.18.63.131
https://www.lenovo.com.cn,104.103.210.62
https://www.patreon.com,104.16.6.49
https://www.reverso.net,137.74.102.128
https://www.china.com,116.211.183.223
https://www.dingtalk.com,106.11.43.136
https://www.book118.com,222.187.225.118
https://www.kakao.com,211.249.221.105
https://www.myworkdayjobs.com,127.0.0.1
https://www.huawei.com,121.37.49.12
https://www.geeksforgeeks.org,34.218.62.116
https://www.ups.com,153.2.228.130
https://www.stripchat.com,104.18.63.126
https://www.cambridge.org,104.16.56.52
https://www.docin.com,203.107.62.235
https://www.mi.com,161.117.97.92
https://www.nexon.com,52.78.145.30
https://www.xhamster18.desi,185.207.236.37
https://www.forbes.com,151.101.130.49
https://www.hp.com,15.72.80.135
https://www.usps.com,56.0.134.100
https://www.wordpress.org,198.143.164.252
https://www.bet365.com,5.226.179.10
https://www.gogoanime.bid,104.26.11.4
https://www.kdocs.cn,43.159.114.22
https://www.gitlab.com,172.65.251.78
https://www.healthline.com,18.164.174.14
https://www.google.co.th,74.125.137.94
https://www.istockphoto.com,18.154.144.40
https://www.zhibo8.cc,120.77.216.70
https://www.torob.com,81.12.31.3
https://www.wiley.com,63.97.118.67
https://www.divar.ir,185.166.104.3
https://www.artstation.com,104.18.153.26
https://www.qcc.com,203.107.44.133
https://www.cctv.com,39.107.241.57
https://www.wowhead.com,18.154.144.106
https://www.360doc.com,39.106.173.98
https://www.goodreads.com,54.239.26.220
https://www.chinaz.com,117.25.139.77
https://www.ea.com,104.86.72.27
https://www.oraclecloud.com,138.1.33.162
https://www.youporn.com,66.254.114.79
https://www.primevideo.com,18.154.206.127
https://www.gofile.io,51.38.43.18
https://www.fast.com,23.193.199.241
https://www.biligame.com,212.64.117.140
https://www.shaggyselectmast.com,173.233.137.60
https://www.google.com.tr,142.251.2.94
https://www.dcinside.com,121.125.60.151
https://www.americanexpress.com,23.219.116.115
https://www.springer.com,195.128.8.101
https://www.asus.com,103.10.4.227
https://www.capitalone.com,204.63.40.34
https://www.homedepot.com,35.201.95.83
https://www.sahibinden.com,85.153.138.111
https://www.thisvid.com,88.208.3.194
https://www.erome.com,142.4.217.187
https://www.mangaraw.to,77.73.70.135
https://www.supjav.com,104.27.201.89
https://www.service-now.com,148.139.29.124
https://www.genius.com,104.18.22.208
https://www.npmjs.com,104.16.93.83
https://www.sina.cn,36.51.224.26
https://www.adp.com,170.146.93.56
https://www.nudgeworry.com,192.243.59.20
https://www.dribbble.com,192.229.210.197
https://www.sourceforge.net,104.18.10.128
https://www.solemnvine.com,173.233.137.36
https://www.hostinger.com,104.18.113.100
https://www.marca.com,34.147.120.111
https://www.dlsite.com,54.249.82.75
https://www.sweepfrequencydissolved.com,192.243.59.13
https://www.pearson.com,63.35.23.131
https://www.mydrivers.com,123.206.6.193
https://www.onlinesbi.sbi,103.68.221.190
https://www.jetbrains.com,18.154.132.21
https://www.smartedu.cn,222.199.191.41
https://www.chsi.com.cn,36.110.136.74
https://www.javdb.com,104.21.49.230
https://www.globo.com,186.192.90.12
https://www.powerbi.com,20.186.65.100
https://www.mercadolibre.com.mx,18.154.144.68
https://www.dongchedi.com,163.181.66.238
https://www.google.cn,142.251.2.94
https://www.gamer.com.tw,104.16.181.30
https://www.themeforest.net,104.18.8.20
https://www.feignthat.com,192.243.59.13
https://www.aliyuncs.com,106.15.148.44
https://www.taboola.com,151.101.130.132
https://www.chapmanganato.com,104.22.31.182
https://www.softonic.com,35.227.233.104
https://www.thepaper.cn,139.224.234.117
https://www.oschina.net,212.64.63.215
https://www.theporndude.com,104.19.128.100
https://www.wikihow.com,151.101.65.91
https://www.aliexpress.ru,47.246.133.86
https://www.trendyol.com,104.18.175.21
https://www.equitydefault.com,173.233.137.44
https://www.lanhuapp.com,203.107.45.120
https://www.skype.com,20.103.85.33
https://www.naukri.com,104.77.118.122
https://www.google.fr,142.250.101.94
https://www.messenger.com,31.13.70.1
https://www.yelp.com,151.101.24.116
https://www.docker.com,141.193.213.20
https://www.9animetv.to,172.64.200.37
https://www.tokopedia.com,47.74.244.18
https://www.excretekings.com,192.243.59.20
https://www.xiaomi.com,58.83.160.155
https://www.icicibank.com,20.204.105.107
https://www.ign.com,151.101.129.135
https://www.wise.com,104.18.17.28
https://www.mheducation.com,3.223.31.209
https://www.4chan.org,104.19.128.108
https://www.chaoxing.com,42.62.107.228
https://www.discordapp.com,162.159.134.233
https://www.arxiv.org,128.84.21.199
https://www.for-j.com,104.18.8.13
https://www.naveljutmistress.com,192.243.59.13
https://www.dytt8.net,23.224.70.182
https://www.academia.edu,18.65.3.111
https://www.convertio.co,216.137.39.47
https://www.zippyshare.com,145.239.9.15
https://www.gumroad.com,104.16.192.25
https://www.178.com,113.219.142.35
https://www.fidelity.com,75.2.43.78
https://www.stackexchange.com,151.101.1.69
https://www.aliexpress.us,47.246.136.220
https://www.kinopoisk.ru,213.180.199.9
https://www.ampproject.org,142.251.2.139
https://www.archiveofourown.org,104.153.64.122
https://www.redd.it,151.101.65.140
https://www.fedex.com,204.135.13.155
https://www.t66y.com,162.240.72.31
https://www.zoukankan.com,59.110.53.1
https://www.shopee.co.id,202.181.90.248
https://www.bitbucket.org,104.192.141.1
https://www.bestbuy.com,92.122.160.176
https://www.atlassian.com,18.65.25.85
https://www.payoneer.com,35.190.33.81
https://www.tripadvisor.com,151.101.130.28
https://www.bendibao.com,218.16.123.242
https://www.smallpdf.com,18.164.154.111
https://www.accuweather.com,72.247.12.62
https://www.hulu.com,104.124.1.51
https://www.turkiye.gov.tr,94.55.118.33
https://www.wps.cn,120.92.124.198
https://www.ctfile.com,183.134.40.130
https://www.redtube.com,66.254.114.238
https://www.acfun.cn,39.107.236.43
https://www.target.com,151.101.66.187
https://www.steamcommunity.com,23.78.116.231
https://www.python.org,151.101.192.223
https://www.amap.com,182.92.205.225
https://www.tragicbeyond.com,173.233.137.60
https://www.bdimg.com,39.156.66.10
https://www.ibm.com,23.51.206.50
https://www.shopee.co.th,103.120.246.129
https://www.nike.com,18.65.3.2
https://www.hbomax.com,52.206.158.144
https://www.irs.gov,152.216.7.110
https://www.google.com.sa,142.250.101.94
https://www.tnaflix.com,77.247.179.181
https://www.66law.cn,104.21.2.180
https://www.ixxx.com,167.71.71.84
https://www.ouo.io,172.67.6.151
https://www.docomo.ne.jp,35.71.162.15
https://www.gamewith.jp,18.164.174.19
https://www.hepsiburada.com,85.111.45.200
https://www.miro.com,13.33.21.91
https://www.shopee.com.my,143.92.75.65
https://www.tktube.com,172.64.193.8
https://www.bitly.com,67.199.248.15
https://www.leetcode.cn,104.18.12.180
https://www.btnull.org,104.21.41.109
https://www.midjourney.com,104.18.27.153
https://www.box.com,74.112.186.144
https://www.mailchimp.com,72.246.166.206
https://www.trustpilot.com,52.213.12.234
https://www.4399.com,129.211.129.109
https://www.digitalocean.com,104.16.182.15
https://www.nextdoor.com,18.154.144.38
https://www.intel.com,13.91.95.74
https://www.mercari.com,13.33.21.58
https://www.icloud.com,17.253.144.10
https://www.google.com.br,74.125.137.94
https://www.zcool.com.cn,182.92.229.41
https://www.rule34.xxx,172.67.68.251
https://www.fitgirl-repacks.site,190.115.31.179
https://www.kuaishou.com,103.102.200.38
https://www.merriam-webster.com,18.154.144.129
https://www.alicdn.com,140.205.77.240
https://www.lenovo.com,104.103.210.62
https://www.arca.live,104.18.16.140
https://www.itch.io,173.255.250.29
https://www.seznam.cz,77.75.79.222
https://www.calendly.com,172.66.43.26
https://www.wnacg.org,103.224.182.238
https://www.mit.edu,23.60.209.212
https://www.huaweicloud.com,117.78.12.122
https://www.weibo.cn,36.51.224.13
https://www.tokyomotion.net,64.187.150.242
https://www.codepen.io,104.16.176.44
https://www.cricbuzz.com,35.200.167.142
https://www.porntrex.com,109.201.134.96
https://www.rutracker.org,172.67.187.38
https://www.namecheap.com,198.54.117.250
https://www.proton.me,185.70.42.45
https://www.europa.eu,147.67.210.45
https://www.eksisozluk.com,104.22.24.137
https://www.crjpgate.com,93.93.51.223
https://www.investopedia.com,151.101.66.137
https://www.tapd.cn,1.12.41.254
https://www.harvard.edu,151.101.66.133
https://www.lanzoui.com,1.62.64.68
https://www.shimo.im,116.205.2.136
https://www.wiktionary.org,198.35.26.96
https://www.xbox.com,20.53.203.50
https://www.423down.com,45.151.132.50
https://www.gamespot.com,199.232.208.194
https://www.soap2day.to,104.31.16.120
https://www.slideshare.net,151.101.2.152
https://www.ptt.cc,140.112.172.1
https://www.webpkgcache.com,142.251.2.132
https://www.onet.pl,99.83.207.202
https://www.cnbc.com,50.234.250.31
https://www.wp.pl,212.77.98.9
https://www.gsmarena.com,148.251.96.211
https://www.fapello.com,172.67.40.117
https://www.ddys.art,91.195.110.0
https://www.google.com.au,142.251.2.94
https://www.jinritemai.com,122.14.229.241
https://www.futbin.com,104.19.129.70
https://www.ca.gov,13.87.221.220
https://www.flaticon.com,34.149.47.137
https://www.zhaopin.com,39.96.126.126
https://www.shopee.vn,103.117.240.34
https://www.bbsmax.com,103.98.112.86
https://www.drctcldfa.com,104.21.57.194
https://www.motherless.com,185.107.81.234
https://www.xunlei.com,112.124.227.84
https://www.2345.com,180.101.190.147
https://www.mcmod.cn,128.14.227.240
https://www.agemys.net,23.225.30.102
https://www.state.gov,34.233.79.178
https://www.apache.org,151.101.2.132
https://www.manage.wix.com,185.230.61.105
https://www.huggingface.co,18.164.174.118
https://www.wsj.com,18.65.3.43
https://www.mdpi.com,104.18.24.151
https://www.boyfriendtv.com,213.174.148.156
https://www.duolingo.com,184.72.124.184
https://www.txxx.com,172.64.129.25
https://www.ithome.com,116.114.98.35
https://www.thesaurus.com,151.101.66.133
https://www.olevod.com,147.135.70.158
https://www.wayfair.com,151.101.65.252
https://www.donmai.us,104.26.11.39
https://www.agoda.com,103.6.182.20
https://www.google.com.eg,142.250.141.94
https://www.monday.com,13.225.142.11
https://www.brave.com,18.164.174.94
https://www.asurascans.com,172.67.72.146
https://www.mnw.cn,27.155.213.3
https://www.espncricinfo.com,54.251.160.88
https://www.infobae.com,96.16.84.20
https://www.poki.com,104.16.209.71
https://www.11467.com,61.147.77.7
https://www.canada.ca,205.193.117.159
https://www.syosetu.com,210.152.119.122
https://www.qualtrics.com,50.17.152.14
https://www.washingtonpost.com,18.65.3.75
https://www.squarespace.com,198.49.23.177
https://www.bunkr.ru,172.67.199.6
https://www.vnexpress.net,111.65.250.2
https://www.freecodecamp.org,172.67.70.149
https://www.ebay.co.uk,209.140.139.232
https://www.as.com,23.204.146.194
https://www.playstation.com,52.9.75.205
https://www.amazon.cn,54.222.60.218
https://www.360kuai.com,101.198.193.18
https://www.lazada.co.th,47.246.165.39
https://www.rumble.com,38.70.190.101
https://www.hanime1.me,172.67.69.183
https://www.moneycontrol.com,23.204.146.195
https://www.nature.com,195.128.8.101
https://www.5ch.net,172.64.97.3
https://www.britannica.com,52.71.237.110
https://www.notion.site,172.64.154.24
https://www.forms.gle,199.36.158.100
https://www.noonoo26.tv,104.37.183.1
https://www.opensea.io,104.18.12.217
https://www.51job.com,58.215.111.12
https://www.storage.googleapis.com,142.250.101.128
https://www.ameblo.jp,199.232.210.133
https://www.dood.yt,104.26.0.64
https://www.evernote.com,35.190.29.187
https://www.mayoclinic.org,129.176.1.88
https://www.ctrip.com,114.80.56.121
https://www.hotmart.com,18.164.154.28
https://www.azure.com,20.49.104.40
https://www.airbnb.com,52.3.214.7
https://www.cloudconvert.com,18.65.25.71
https://www.ilive.cn,39.107.248.68
https://www.wikiwiki.jp,18.176.77.83
https://www.amazon.com.au,52.119.174.16
https://www.rottentomatoes.com,23.219.115.111
https://www.123pan.com,39.107.196.36
https://www.reuters.com,167.68.44.27
https://www.thingiverse.com,104.16.202.229
https://www.pornpics.com,213.174.149.178
https://www.raw.githubusercontent.com,185.199.110.133
https://www.semrush.com,34.120.45.191
https://www.ikea.com,23.205.202.182
https://www.glassdoor.com,104.17.90.51
https://www.anahitagirted.uno,203.195.121.28
https://www.gismeteo.ru,185.134.203.245
https://www.loom.com,18.154.206.34
https://www.hqporner.com,88.208.35.41
https://www.autodesk.com,23.21.189.113
https://www.zxxk.com,223.4.221.183
https://www.zaobao.com,216.137.39.78
https://www.udn.com,23.195.207.253
https://www.ieee.org,54.167.241.171
https://www.6080dy2.com,15.197.142.173
https://www.rt.com,91.215.41.4
https://www.weiyun.com,113.96.213.64
https://www.airtable.com,34.235.209.146
https://www.cengage.com,69.32.208.75
https://www.lenta.ru,81.19.72.34
https://www.typeform.com,216.137.39.56
https://www.disneyplus.com,54.218.188.255
https://www.xuexi.cn,180.163.44.92
https://www.ria.ru,178.248.234.228
https://www.duosecurity.com,13.33.21.13
https://www.tampermonkey.net,193.141.3.77
https://www.hh.ru,94.124.200.0
https://www.rezka.ag,82.221.104.145
https://www.eroterest.net,153.122.98.4
https://www.rakuten.com,216.238.190.102
https://www.1fichier.com,5.39.224.140
https://www.upornia.com,109.206.171.6
https://www.gmw.cn,101.201.28.192
https://www.juejin.cn,163.181.66.240
https://www.smdyy.cc,104.21.37.62
https://www.9anime.to,172.64.143.9
https://www.redgifs.com,104.18.29.20
https://www.pornzog.com,172.64.192.12
https://www.wattpad.com,18.65.3.43
https://www.substack.com,172.64.154.11
https://www.hdmoli.com,1.1.1.1
https://www.clickup.com,18.154.132.27
https://www.redfin.com,216.211.130.168
https://www.sz.gov.cn,218.17.86.200
https://www.18comic.vip,104.23.129.6
https://www.unity.com,104.96.203.41
https://www.ahhhhfs.com,172.67.149.218
https://www.windowsazure.com,191.235.228.36
https://www.businessinsider.com,151.101.65.171
https://www.pdfdrive.com,104.26.6.150
https://www.segmentfault.com,39.107.196.198
https://www.att.com,144.160.155.43
https://www.irctc.co.in,103.252.142.27
https://www.9game.cn,203.119.175.208
https://www.rule34video.com,104.27.204.89
https://www.uptodown.com,23.64.178.40
https://www.docusign.com,151.101.2.133
https://www.yourbestjournal.com,104.21.3.253
https://www.bloomberg.com,3.33.146.110
https://www.anjuke.com,42.187.161.102
https://www.miyoushe.com,61.170.81.238
https://www.netease.com,115.236.118.54
https://www.uptobox.com,172.67.29.218
https://www.auth0.com,104.18.103.2
https://www.citi.com,192.193.218.80
https://www.nypost.com,192.0.66.32
https://www.superuser.com,151.101.1.69
https://www.dafont.com,51.91.129.67
https://www.epicgames.com,184.73.13.221
https://www.costco.com,104.123.206.26
https://www.yoojia.com,182.61.62.7
https://www.xfantazy.com,172.64.205.27
https://www.goo.ne.jp,114.179.184.93
https://www.dogdrip.net,104.16.254.32
https://www.xero.com,18.154.132.118
https://www.vidhub.top,172.67.188.173
https://www.ylwt33.com,202.61.159.137
https://www.indiamart.com,35.190.37.46
https://www.bilibili.tv,103.151.151.133
https://www.snapchat.com,34.149.46.130
https://www.lectortmo.com,172.67.73.163
https://www.smallseotools.com,172.67.38.25
https://www.pchome.com.tw,34.110.144.106
https://www.processon.com,58.20.136.6
https://www.realtor.com,50.112.145.98
https://www.mgtv.com,120.132.47.197
https://www.atwiki.jp,13.225.142.21
https://www.rubika.ir,5.106.8.151
https://www.speedtest.cn,203.107.44.133
https://www.newtoki215.com,104.21.92.241
https://www.youjizz.com,66.254.114.242
https://www.wordreference.com,104.238.220.102
https://www.justwatch.com,35.186.248.180
https://www.anxia.com,120.78.246.158
https://www.byjus.com,162.159.130.41
https://www.internetdownloadmanager.com,169.61.27.133
https://www.chiphell.com,183.61.190.202
https://www.fang.com,124.251.87.37
https://www.jav.guru,104.26.9.156
https://www.gitee.io,212.64.63.215
https://www.interia.pl,217.74.75.90
https://www.ezgif.com,176.9.79.165
https://www.ebay.com.au,209.140.136.254
https://www.google.com.ar,142.251.2.94
https://www.javatpoint.com,104.21.77.245
https://www.antfin.com,110.75.139.5
https://www.zapier.com,18.65.3.51
https://www.weebly.com,74.115.50.110
https://www.liepin.com,39.96.251.72
https://www.189.cn,42.99.20.226
https://www.sberbank.ru,194.54.14.168
https://www.getbootstrap.com,104.22.58.100
https://www.iwara.tv,172.67.71.154
https://www.iloveimg.com,172.66.43.238
https://www.gmarket.co.kr,183.111.134.78
https://www.zztongyun.com,8.219.78.238
https://www.pixhost.to,94.229.45.2
https://www.ebay-kleinanzeigen.de,34.107.128.149
https://www.subhd.tv,199.180.114.149
https://www.makeuseof.com,52.223.42.198
https://www.patria.org.ve,201.249.163.13
https://www.mos.ru,94.79.51.13
https://www.amazon.ae,52.95.120.33
https://www.dhl.com,156.137.3.32
https://www.ximalaya.com,180.153.255.122
https://www.apa.az,104.21.50.239
https://www.googlesyndication.com,142.250.141.103
https://www.vecteezy.com,104.18.20.152
https://www.bale.ai,2.189.68.126
https://www.frontiersin.org,134.213.70.247
https://www.onlinedown.net,122.112.183.55
https://www.basecamp.com,204.62.114.180
https://www.meesho.com,52.220.255.136
https://www.mat6tube.com,104.27.202.88
https://www.nalog.ru,37.220.164.100
https://www.docusign.net,162.248.184.28
https://www.feimaoyun.com,120.79.27.178
https://www.expedia.com,23.10.194.106
https://www.cityheaven.net,18.181.89.137
https://www.javmix.tv,104.21.235.85
https://www.simpcity.su,190.115.31.71
https://www.vuejs.org,35.198.112.85
https://www.flickr.com,18.65.10.141
https://www.shuzhiduo.com,103.98.112.83
https://www.kakaku.com,103.70.243.165
https://www.ke.com,152.136.248.18
https://www.oxu.az,104.27.206.87
https://www.teachable.com,104.19.238.117
https://www.youzan.com,140.143.255.205
https://www.zoominfo.com,104.16.168.82
https://www.ghxi.com,222.211.75.30
https://www.issuu.com,151.101.66.110
https://www.lowes.com,72.247.113.156
https://www.tvmao.com,60.205.187.128
https://www.surveymonkey.com,18.154.206.70
https://www.slickdeals.net,104.17.125.18
https://www.javhdporn.net,104.21.233.142
https://www.bdys01.com,104.21.91.157
https://www.huatu.com,123.56.220.129
https://www.livejournal.com,81.19.74.33
https://www.doc88.com,120.52.152.52
https://www.google.co.id,142.251.2.94
https://www.hm.com,23.1.101.85
https://www.xiaoman.cn,161.117.96.20
https://www.google.es,142.250.141.94
https://www.coonandeg.xyz,18.154.144.24
https://www.fmovies.to,104.31.16.119
https://www.camwhores.tv,138.124.181.16
https://www.emofid.com,46.102.128.10
https://www.faphouse.com,172.64.147.142
https://www.mangadex.org,45.129.229.2
https://www.amazon.sa,52.95.125.115
https://www.126.com,123.126.96.181
https://www.socialmediagirls.com,185.231.223.48
https://www.imagetwist.com,104.21.235.50
https://www.windows.net,20.112.52.29
https://www.www.gov.cn,38.124.43.229
https://www.maigoo.com,120.79.229.18
https://www.58.com,42.187.161.231
https://www.pngtree.com,104.18.3.157
https://www.beijing.gov.cn,122.228.238.90
https://www.jotform.com,104.23.134.11
https://www.dmm.com,13.248.196.236
https://www.blackboard.com,20.85.72.68
https://www.made-in-china.com,67.192.48.20
https://www.gamerant.com,3.222.90.168
https://www.lanzoux.com,119.188.48.82
https://www.o8tv.com,142.0.142.185
https://www.askubuntu.com,151.101.1.69
https://www.sheetvibe.com,172.67.152.10
https://www.pixnet.net,103.23.108.107
https://www.bandcamp.com,151.101.194.132
https://www.guancha.cn,180.163.29.151
https://www.dreamstime.com,169.62.154.245
https://www.18183.com,180.76.199.240
https://www.streamtape.com,104.21.33.244
https://www.creditkarma.com,23.206.92.219
https://www.spiegel.de,128.65.210.8
https://www.onelogin.com,52.34.255.221
https://www.pornone.com,104.26.15.226
https://www.shaheed4u.work,192.64.119.29
https://www.dns-shop.ru,185.65.148.196
https://www.elpais.com,23.204.146.147
https://www.pypi.org,151.101.128.223
https://www.drctcldfafwr.com,172.67.215.186
https://www.wondershare.com,203.130.48.144
https://www.google.com.vn,142.251.2.94
https://www.pinduoduo.com,124.156.123.148
https://www.consultant.ru,194.105.131.45
https://www.bankmellat.ir,176.56.156.136
https://www.experimentalconcerningsuck.com,192.243.59.12
https://www.wp.com,192.0.78.24
https://www.10086.cn,111.7.203.227
https://www.t-online.de,34.246.241.220
https://www.sspai.com,119.23.141.248
https://www.11st.co.kr,113.217.247.90
https://www.tandfonline.com,104.18.18.218
https://www.liquipedia.net,144.217.237.5
https://www.payu.in,18.67.39.100
https://www.leetcode.com,104.26.8.101
https://www.forexfactory.com,104.18.26.248
https://www.note.com,18.65.25.98
https://www.ikco.ir,185.143.233.110
https://www.meijutt.tv,23.225.197.253
https://www.billdesk.com,210.210.24.66
https://www.rambler.ru,81.19.82.0
https://www.flash.cn,116.177.242.117
https://www.hatenablog.com,35.75.255.9
https://www.feedly.com,104.20.59.241
https://www.usatoday.com,151.101.202.62
https://www.sinaimg.cn,60.205.83.166
https://www.yangkeduo.com,118.126.69.55
https://www.manganato.com,104.26.3.67
https://www.idnes.cz,185.17.117.32
https://www.adobelogin.com,192.147.130.204
https://www.game8.jp,52.199.19.171
https://www.pikabu.ru,91.215.42.110
https://www.timeanddate.com,108.59.14.4
https://www.vmware.com,45.60.101.183
https://www.coingecko.com,104.18.30.225
https://www.17track.net,43.132.140.121
https://www.prototypewailrubber.com,192.243.59.20
https://www.sap.com,130.214.229.163
https://www.codecanyon.net,104.18.20.78
https://www.justdial.com,96.7.186.75
https://www.criteo.com,18.160.46.76
https://www.ebay.de,209.140.136.254
https://www.goo.gl,142.251.2.138
https://www.bongacams.com,195.85.23.88
https://www.avgle.com,104.21.49.121
https://www.list-manage.com,205.201.132.96
https://www.freelancer.com,34.225.191.171
https://www.google.it,142.251.2.94
https://www.td.com,104.123.70.75
https://www.oup.com,75.2.119.185
https://www.minecraft.net,20.231.114.24
https://www.emojipedia.org,104.22.54.209
https://www.sat.gob.mx,20.40.202.8
https://www.online-convert.com,104.22.58.173
https://www.livedoor.com,147.92.184.22
https://www.rediff.com,23.36.15.185
https://www.ahrefs.com,104.18.29.112
https://www.sketchfab.com,13.33.21.34
https://www.discover.com,104.90.81.117
https://www.asos.com,23.60.173.51
https://www.lichess.org,152.228.187.173
https://www.xfinity.com,68.87.41.40
https://www.osiextantly.com,18.65.25.91
https://www.fuliba2023.net,154.9.226.141
https://www.lazada.com.ph,47.246.165.72
https://www.klaviyo.com,18.164.154.113
https://www.huijiwiki.com,104.18.5.74
https://www.redbubble.com,104.18.9.241
https://www.moegirl.org.cn,16.163.254.125
https://www.kahoot.it,54.219.1.192
https://www.wallhaven.cc,172.67.69.188
https://www.momoshop.com.tw,219.87.10.142
https://www.colamanhua.com,172.67.190.148
https://www.trip.com,103.158.15.28
https://www.pdffiller.com,54.82.197.138
https://www.battle.net,137.221.106.104
https://www.coinbase.com,104.18.5.43
https://www.visualstudio.com,13.107.42.18
https://www.allegro.pl,5.134.213.80
https://www.sex.com,152.44.38.193
https://www.ccschy.com,59.173.13.165
https://www.wjx.cn,101.37.44.53
https://www.erothots.co,172.64.136.2
https://www.fanbox.cc,210.140.92.186
https://www.youtu.be,142.251.2.93
https://www.togetter.com,35.72.150.142
https://www.webmd.com,207.231.204.56
https://www.4channel.org,104.18.186.83
https://www.oaxyteek.net,104.21.25.50
https://www.google.az,142.251.2.105
https://www.detik.com,203.190.242.211
https://www.hifini.com,23.225.141.186
https://www.nexusmods.com,104.18.7.36
https://www.eitaa.com,2.189.58.5
https://www.ettoday.net,219.85.79.131
https://www.khanacademy.org,18.154.144.113
https://www.buzzfeed.com,13.33.21.101
https://www.ustc.edu.cn,202.38.64.246
https://www.doordash.com,104.18.28.209
https://www.tutorialspoint.com,135.181.223.254
https://www.rightmove.co.uk,185.220.161.23
https://www.iau.ir,185.143.234.122
https://www.activehosted.com,104.17.91.109
https://www.modao.cc,54.223.152.152
https://www.drom.ru,185.65.149.115
https://www.ecosia.org,15.222.200.86
https://www.aol.com,106.10.248.150
https://www.bild.de,145.243.248.20
https://www.concursolutions.com,23.43.185.143
https://www.lanzouw.com,218.12.86.80
https://www.taleo.net,68.233.77.233
https://www.amazon.eg,52.94.222.199
https://www.zsxq.com,106.75.122.98
https://www.studocu.com,52.9.142.64
https://www.habr.com,178.248.237.68
https://www.bytedance.com,122.14.229.102
https://www.novinky.cz,77.75.78.151
https://www.cnet.com,34.149.196.126
https://www.roudoduor.com,139.45.197.237
https://www.huya.com,101.132.181.246
https://www.leagueoflegends.com,52.41.188.106
https://www.amd.com,23.73.131.13
https://www.screenrant.com,34.202.200.131
https://www.xiaoheimi.net,172.67.169.168
https://www.pixlr.com,216.137.39.47
https://www.teacherspayteachers.com,54.210.28.49
https://www.themoviedb.org,18.154.144.60
https://www.report.az,104.26.7.156
https://www.bmi.ir,89.235.64.67
https://www.tamin.ir,185.143.233.117
https://www.czzy01.com,104.21.58.220
https://www.acesso.gov.br,189.9.113.9
https://www.dw.com,194.55.30.46
https://www.hanime.tv,172.64.163.24
https://www.eventbrite.com,99.84.203.21
https://www.likecs.com,122.10.42.243
https://www.shopee.ph,143.92.75.65
https://www.library.lol,193.218.118.42
https://www.aznude.com,104.18.57.214
https://www.google.com.ua,142.251.2.94
https://www.xiumi.us,8.45.176.232
https://www.teambition.com,8.142.93.227
https://www.calculator.net,69.10.42.201
https://www.booth.pm,104.18.29.176
https://www.thegamer.com,52.203.114.80
https://www.jjwxc.net,116.255.234.237
https://www.dev.to,151.101.2.217
https://www.iknight.lol,64.64.253.246
https://www.nfl.com,151.101.1.153
https://www.uber.com,34.98.127.226
https://www.nba.com,54.68.182.72
https://www.iconfont.cn,59.82.31.200
https://www.yadongtube.net,104.16.237.41
https://www.veed.io,35.201.92.81
https://www.ibb.co,213.174.132.224
https://www.lever.co,13.248.159.192
https://www.sdo.com,121.4.16.170
https://www.kooora.com,104.18.9.101
https://www.e621.net,172.67.70.38
https://www.hostinger.in,104.18.12.60
https://www.tsetmc.com,94.182.184.228
https://www.razorpay.com,18.65.3.37
https://www.flashscore.com,34.96.84.62
https://www.linkvertise.com,172.64.165.4
https://www.brightspace.com,54.69.12.127
https://www.makemytrip.com,15.197.238.104
https://www.coursehero.com,104.17.92.47
https://www.aa.com,72.247.112.40
https://www.crunchbase.com,104.22.63.68
https://www.bit.ly,67.199.248.11
https://www.mercadolibre.com.ve,15.197.170.90
https://www.javgg.net,172.67.72.132
https://www.epfindia.gov.in,164.100.160.96
https://www.pcauto.com.cn,183.61.120.237
https://www.impress.co.jp,203.183.234.2
https://www.files.wordpress.com,192.0.72.3
https://www.odcoc.com,199.59.149.201
https://www.myntra.com,173.223.96.109
https://www.amazon.com.tr,52.95.114.104
https://www.peacocktv.com,23.45.180.224
https://www.giphy.com,151.101.1.185
https://www.ruliweb.com,103.24.8.4
https://www.nintendo.com,192.159.190.35
https://www.telegra.ph,149.154.164.13
https://www.sportskeeda.com,54.254.5.119
https://www.quickconnect.cn,54.222.235.145
https://www.pelisplus.lat,172.64.137.30
https://www.freepik.es,35.190.81.132
https://www.marketwatch.com,13.33.21.75
https://www.webtoons.com,223.130.192.238
https://www.cloudinary.com,162.159.137.83
https://www.yandex.com.tr,87.250.255.11
